Workbook

Sheet Como usar
B2: BRIGADA DE INCÊNDIO — Cronograma Geral da Gestão
B3: Gestão agosto/2026 a agosto/2027 · PROPOSTA para validação com o coordenador e os líderes
B5: Como ler | C5: Cada linha é uma atividade. Nas colunas dos meses, a letra mostra a situação da atividade naquele mês.
B6: P | C6: Prevista — está planejada para o mês.
B7: R | C7: Realizada — aconteceu (tenha a comprovação: ATA, lista de presença, checklist, fotos).
B8: A | C8: Adiada — não aconteceu no mês previsto. Marque também o novo mês com P.
B9: C | C9: Cancelada / não necessária.
B10: O que editar | C10: Só as células dos meses (escolha na lista: P, R, A ou C) e as colunas Responsável e Observação. Os totais e o % realizado são calculados sozinhos.
B11: Para validar | C11: 1) Meses sugeridos dos simulados, da SIPAT e da revisão do Plano de Emergência. 2) Se o prédio tem iluminação de emergência e alarme/detecção. 3) Meses de manutenção de mangueiras e de recarga dos extintores (conforme a empresa contratada e os vencimentos no app). 4) Responsáveis de cada atividade. 5) Se falta alguma atividade.
B12: Atenção | C12: As frequências são sugestões de boas práticas. Confirme as exigências da Instrução Técnica do Corpo de Bombeiros do estado, das normas ABNT aplicáveis e do contrato com a empresa de manutenção.
B13: Depois | C13: Validado o cronograma, ele pode ser importado para o Calendário do app, junto com as reuniões.

Sheet Cronograma
A1: CRONOGRAMA GERAL DA BRIGADA — GESTÃO AGO/2026 A AGO/2027
A2: Proposta para validação · P = prevista · R = realizada · A = adiada · C = cancelada
A4: Nº | B4: Tipo | C4: Atividade | D4: Frequência | E4: Responsável | F4: Comprovação | G4: Ago/26 | H4: Set/26 | I4: Out/26 | J4: Nov/26 | K4: Dez/26 | L4: Jan/27 | M4: Fev/27 | N4: Mar/27 | O4: Abr/27 | P4: Mai/27 | Q4: Jun/27 | R4: Jul/27 | S4: Ago/27 | T4: Previstas | U4: Realizadas | V4: % realizado | W4: Observação / a validar
A5: 1 | B5: Reuniões | C5: Reunião Geral da Brigada | D5: Mensal (3ª quarta-feira) | E5: Coordenador / Secretária | F5: ATA assinada no app | G5: R | I5: P | J5: P | K5: P | L5: P | M5: P | N5: P | O5: P | P5: P | Q5: P | R5: P | S5: P | T5: =COUNTIF(G5:S5,"P")+COUNTIF(G5:S5,"R")+COUNTIF(G5:S5,"A") -> 12 | U5: =COUNTIF(G5:S5,"R") -> 1 | V5: =IF(T5=0,"-",U5/T5) -> 0.083333333 | W5: Ago/26 realizada (26/08). Set/26 não houve. Out/26 em 22/10 (exceção: quinta-feira).
A6: 2 | B6: Reuniões | C6: Reunião de Líderes | D6: Mensal, 7 a 10 dias antes da Geral (quando necessário) | E6: Coordenador + líderes de andar | F6: ATA no app | I6: R | J6: P | K6: P | L6: P | M6: P | N6: P | O6: P | P6: P | Q6: P | R6: P | S6: P | T6: =COUNTIF(G6:S6,"P")+COUNTIF(G6:S6,"R")+COUNTIF(G6:S6,"A") -> 11 | U6: =COUNTIF(G6:S6,"R") -> 1 | V6: =IF(T6=0,"-",U6/T6) -> 0.090909091 | W6: Out/26 realizada (06/10). Pode não acontecer em todos os meses.
A7: 3 | B7: Treinamentos | C7: Formação / reciclagem da brigada (Semana de Treinamento) | D7: Anual | E7: Coordenador + empresa de treinamento | F7: Certificados (app: Documentos) | G7: R | S7: P | T7: =COUNTIF(G7:S7,"P")+COUNTIF(G7:S7,"R")+COUNTIF(G7:S7,"A") -> 2 | U7: =COUNTIF(G7:S7,"R") -> 1 | V7: =IF(T7=0,"-",U7/T7) -> 0.5 | W7: Ago/26 realizada (10 a 13/08). Ago/27: reciclagem — certificados vencem.
A8: 4 | B8: Treinamentos | C8: Integração de novos brigadistas | D8: Quando houver entrada | E8: Coordenador | F8: Lista de presença | T8: =COUNTIF(G8:S8,"P")+COUNTIF(G8:S8,"R")+COUNTIF(G8:S8,"A") -> 0 | U8: =COUNTIF(G8:S8,"R") -> 0 | V8: =IF(T8=0,"-",U8/T8) -> - | W8: Sem mês fixo: marcar quando entrar alguém novo.
A9: 5 | B9: Treinamentos | C9: DDS da Brigada (tema do mês) | D9: Mensal | E9: Líderes de andar | F9: Lista de presença | J9: P | K9: P | L9: P | M9: P | N9: P | O9: P | P9: P | Q9: P | R9: P | S9: P | T9: =COUNTIF(G9:S9,"P")+COUNTIF(G9:S9,"R")+COUNTIF(G9:S9,"A") -> 10 | U9: =COUNTIF(G9:S9,"R") -> 0 | V9: =IF(T9=0,"-",U9/T9) -> 0 | W9: Primeiro tema sugerido: obstrução de extintor na operação.
A10: 6 | B10: Simulados | C10: Simulado de abandono de área (evacuação) | D10: Semestral (sugestão) | E10: Coordenador + líderes de evacuação | F10: Relatório, fotos, tempo de saída e lista de chamada (app: Pessoas no Prédio) | J10: P | P10: P | T10: =COUNTIF(G10:S10,"P")+COUNTIF(G10:S10,"R")+COUNTIF(G10:S10,"A") -> 2 | U10: =COUNTIF(G10:S10,"R") -> 0 | V10: =IF(T10=0,"-",U10/T10) -> 0 | W10: Meses sugeridos — validar com os líderes e com a norma aplicável.
A11: 7 | B11: Simulados | C11: Simulado prático de combate a princípio de incêndio e primeiros socorros | D11: Anual (sugestão) | E11: Coordenador + combatentes e socorristas | F11: Relatório e fotos | N11: P | T11: =COUNTIF(G11:S11,"P")+COUNTIF(G11:S11,"R")+COUNTIF(G11:S11,"A") -> 1 | U11: =COUNTIF(G11:S11,"R") -> 0 | V11: =IF(T11=0,"-",U11/T11) -> 0 | W11: Mês sugerido.
A12: 8 | B12: Inspeções | C12: Inspeção visual dos extintores | D12: Mensal | E12: Combatentes | F12: Checklist no app (Extintores) | J12: P | K12: P | L12: P | M12: P | N12: P | O12: P | P12: P | Q12: P | R12: P | S12: P | T12: =COUNTIF(G12:S12,"P")+COUNTIF(G12:S12,"R")+COUNTIF(G12:S12,"A") -> 10 | U12: =COUNTIF(G12:S12,"R") -> 0 | V12: =IF(T12=0,"-",U12/T12) -> 0
A13: 9 | B13: Inspeções | C13: Recarga / manutenção dos extintores | D13: Anual (conforme vencimento) | E13: Empresa contratada (acompanhamento: coordenador) | F13: Etiqueta e nota da empresa | T13: =COUNTIF(G13:S13,"P")+COUNTIF(G13:S13,"R")+COUNTIF(G13:S13,"A") -> 0 | U13: =COUNTIF(G13:S13,"R") -> 0 | V13: =IF(T13=0,"-",U13/T13) -> - | W13: Marcar o mês conforme o vencimento de cada extintor no app.
A14: 10 | B14: Inspeções | C14: Inspeção visual dos hidrantes e abrigos de mangueira | D14: Mensal | E14: Combatentes | F14: Checklist no app (Hidrantes) | J14: P | K14: P | L14: P | M14: P | N14: P | O14: P | P14: P | Q14: P | R14: P | S14: P | T14: =COUNTIF(G14:S14,"P")+COUNTIF(G14:S14,"R")+COUNTIF(G14:S14,"A") -> 10 | U14: =COUNTIF(G14:S14,"R") -> 0 | V14: =IF(T14=0,"-",U14/T14) -> 0
A15: 11 | B15: Inspeções | C15: Inspeção e manutenção das mangueiras de incêndio | D15: Semestral inspeção / anual manutenção (sugestão) | E15: Empresa contratada | F15: Laudo / relatório da empresa | M15: P | S15: P | T15: =COUNTIF(G15:S15,"P")+COUNTIF(G15:S15,"R")+COUNTIF(G15:S15,"A") -> 2 | U15: =COUNTIF(G15:S15,"R") -> 0 | V15: =IF(T15=0,"-",U15/T15) -> 0 | W15: Confirmar meses com a empresa de manutenção.
A16: 12 | B16: Inspeções | C16: Teste da iluminação de emergência | D16: Mensal | E16: Líderes de andar | F16: Checklist | J16: P | K16: P | L16: P | M16: P | N16: P | O16: P | P16: P | Q16: P | R16: P | S16: P | T16: =COUNTIF(G16:S16,"P")+COUNTIF(G16:S16,"R")+COUNTIF(G16:S16,"A") -> 10 | U16: =COUNTIF(G16:S16,"R") -> 0 | V16: =IF(T16=0,"-",U16/T16) -> 0 | W16: Confirmar se há este sistema no prédio.
A17: 13 | B17: Inspeções | C17: Teste do alarme / sistema de detecção | D17: Mensal (sugestão) | E17: Coordenador | F17: Checklist | J17: P | K17: P | L17: P | M17: P | N17: P | O17: P | P17: P | Q17: P | R17: P | S17: P | T17: =COUNTIF(G17:S17,"P")+COUNTIF(G17:S17,"R")+COUNTIF(G17:S17,"A") -> 10 | U17: =COUNTIF(G17:S17,"R") -> 0 | V17: =IF(T17=0,"-",U17/T17) -> 0 | W17: Confirmar se há este sistema no prédio.
A18: 14 | B18: Inspeções | C18: Rotas de fuga, saídas de emergência e sinalização desobstruídas | D18: Mensal | E18: Líderes de evacuação | F18: Checklist / fotos | J18: P | K18: P | L18: P | M18: P | N18: P | O18: P | P18: P | Q18: P | R18: P | S18: P | T18: =COUNTIF(G18:S18,"P")+COUNTIF(G18:S18,"R")+COUNTIF(G18:S18,"A") -> 10 | U18: =COUNTIF(G18:S18,"R") -> 0 | V18: =IF(T18=0,"-",U18/T18) -> 0
A19: 15 | B19: Inspeções | C19: Conferência do kit de primeiros socorros | D19: Mensal | E19: Responsável pelo kit | F19: Checklist de itens e validades | J19: P | K19: P | L19: P | M19: P | N19: P | O19: P | P19: P | Q19: P | R19: P | S19: P | T19: =COUNTIF(G19:S19,"P")+COUNTIF(G19:S19,"R")+COUNTIF(G19:S19,"A") -> 10 | U19: =COUNTIF(G19:S19,"R") -> 0 | V19: =IF(T19=0,"-",U19/T19) -> 0
A20: 16 | B20: Inspeções | C20: Ponto de encontro: placas e identificação | D20: Trimestral | E20: Líder de evacuação | F20: Fotos | J20: P | M20: P | P20: P | S20: P | T20: =COUNTIF(G20:S20,"P")+COUNTIF(G20:S20,"R")+COUNTIF(G20:S20,"A") -> 4 | U20: =COUNTIF(G20:S20,"R") -> 0 | V20: =IF(T20=0,"-",U20/T20) -> 0 | W20: Placa do ponto de encontro geral ainda pendente (ATA 22/10).
A21: 17 | B21: Pessoas e documentos | C21: Atualizar a lista de pessoas no prédio | D21: Mensal (e a cada admissão/desligamento) | E21: RH (Elizângela) | F21: Planilha importada no app (Pessoas no Prédio) | J21: P | K21: P | L21: P | M21: P | N21: P | O21: P | P21: P | Q21: P | R21: P | S21: P | T21: =COUNTIF(G21:S21,"P")+COUNTIF(G21:S21,"R")+COUNTIF(G21:S21,"A") -> 10 | U21: =COUNTIF(G21:S21,"R") -> 0 | V21: =IF(T21=0,"-",U21/T21) -> 0
A22: 18 | B22: Pessoas e documentos | C22: Conferir validade do AVCB / CLCB e certificados | D22: Trimestral | E22: Coordenador | F22: App: Certificados e Atestado | J22: P | M22: P | P22: P | S22: P | T22: =COUNTIF(G22:S22,"P")+COUNTIF(G22:S22,"R")+COUNTIF(G22:S22,"A") -> 4 | U22: =COUNTIF(G22:S22,"R") -> 0 | V22: =IF(T22=0,"-",U22/T22) -> 0
A23: 19 | B23: Pessoas e documentos | C23: Revisar o Plano de Emergência | D23: Anual | E23: Coordenador + líderes | F23: Plano revisado e assinado | Q23: P | T23: =COUNTIF(G23:S23,"P")+COUNTIF(G23:S23,"R")+COUNTIF(G23:S23,"A") -> 1 | U23: =COUNTIF(G23:S23,"R") -> 0 | V23: =IF(T23=0,"-",U23/T23) -> 0 | W23: Mês sugerido: antes do encerramento da gestão.
A24: 20 | B24: Campanhas | C24: SIPAT (participação da Brigada) | D24: Anual | E24: CIPA + Brigada | F24: Programação e lista de presença | O24: P | T24: =COUNTIF(G24:S24,"P")+COUNTIF(G24:S24,"R")+COUNTIF(G24:S24,"A") -> 1 | U24: =COUNTIF(G24:S24,"R") -> 0 | V24: =IF(T24=0,"-",U24/T24) -> 0 | W24: Mês A DEFINIR com a CIPA.
A25: 21 | B25: Campanhas | C25: Comunicação ao time (quadro da brigada, identificação, avisos) | D25: Trimestral | E25: Coordenador / Marketing | F25: Fotos / e-mail | J25: P | M25: P | P25: P | S25: P | T25: =COUNTIF(G25:S25,"P")+COUNTIF(G25:S25,"R")+COUNTIF(G25:S25,"A") -> 4 | U25: =COUNTIF(G25:S25,"R") -> 0 | V25: =IF(T25=0,"-",U25/T25) -> 0 | W25: Quadro geral da brigada em produção (ATA 22/10).
A26: 22 | B26: Gestão | C26: Balanço da gestão (relatório para a diretoria) | D26: Anual | E26: Coordenador + secretária | F26: Relatório | R26: P | T26: =COUNTIF(G26:S26,"P")+COUNTIF(G26:S26,"R")+COUNTIF(G26:S26,"A") -> 1 | U26: =COUNTIF(G26:S26,"R") -> 0 | V26: =IF(T26=0,"-",U26/T26) -> 0
A27: 23 | B27: Gestão | C27: Definição da composição da próxima gestão | D27: Anual | E27: Coordenador + RH | F27: Lista de brigadistas atualizada no app | R27: P | T27: =COUNTIF(G27:S27,"P")+COUNTIF(G27:S27,"R")+COUNTIF(G27:S27,"A") -> 1 | U27: =COUNTIF(G27:S27,"R") -> 0 | V27: =IF(T27=0,"-",U27/T27) -> 0 | W27: Antes da reciclagem de Ago/27.
C29: Atividades previstas no mês | G29: =COUNTIF(G5:G27,"P")+COUNTIF(G5:G27,"R")+COUNTIF(G5:G27,"A") -> 2 | H29: =COUNTIF(H5:H27,"P")+COUNTIF(H5:H27,"R")+COUNTIF(H5:H27,"A") -> 0 | I29: =COUNTIF(I5:I27,"P")+COUNTIF(I5:I27,"R")+COUNTIF(I5:I27,"A") -> 2 | J29: =COUNTIF(J5:J27,"P")+COUNTIF(J5:J27,"R")+COUNTIF(J5:J27,"A") -> 14 | K29: =COUNTIF(K5:K27,"P")+COUNTIF(K5:K27,"R")+COUNTIF(K5:K27,"A") -> 10 | L29: =COUNTIF(L5:L27,"P")+COUNTIF(L5:L27,"R")+COUNTIF(L5:L27,"A") -> 10 | M29: =COUNTIF(M5:M27,"P")+COUNTIF(M5:M27,"R")+COUNTIF(M5:M27,"A") -> 14 | N29: =COUNTIF(N5:N27,"P")+COUNTIF(N5:N27,"R")+COUNTIF(N5:N27,"A") -> 11 | ... S29: =COUNTIF(S5:S27,"P")+COUNTIF(S5:S27,"R")+COUNTIF(S5:S27,"A") -> 15 | T29: =SUM(T5:T27) -> 126
C30: Realizadas no mês | G30: =COUNTIF(G5:G27,"R") -> 2 | H30: =COUNTIF(H5:H27,"R") -> 0 | I30: =COUNTIF(I5:I27,"R") -> 1 | J30: =COUNTIF(J5:J27,"R") -> 0 | K30: =COUNTIF(K5:K27,"R") -> 0 | L30: =COUNTIF(L5:L27,"R") -> 0 | M30: =COUNTIF(M5:M27,"R") -> 0 | N30: =COUNTIF(N5:N27,"R") -> 0 | ... S30: =COUNTIF(S5:S27,"R") -> 0 | U30: =SUM(U5:U27) -> 3
C31: % realizado no mês | G31: =IF(G29=0,"-",G30/G29) -> 1 | H31: =IF(H29=0,"-",H30/H29) -> - | I31: =IF(I29=0,"-",I30/I29) -> 0.5 | J31: =IF(J29=0,"-",J30/J29) -> 0 | K31: =IF(K29=0,"-",K30/K29) -> 0 | L31: =IF(L29=0,"-",L30/L29) -> 0 | M31: =IF(M29=0,"-",M30/M29) -> 0 | N31: =IF(N29=0,"-",N30/N29) -> 0 | ... S31: =IF(S29=0,"-",S30/S29) -> 0 | T31: Gestão: | V31: =IF(T29=0,"-",U30/T29) -> 0.023809524

Sheet Resumo
A1: RESUMO POR TIPO DE ATIVIDADE
A3: Tipo | B3: Atividades | C3: Previstas | D3: Realizadas | E3: % realizado
A4: Reuniões | B4: =COUNTIF(Cronograma!$B$5:$B$27,A4) -> 2 | C4: =SUMIF(Cronograma!$B$5:$B$27,A4,Cronograma!$T$5:$T$27) -> 23 | D4: =SUMIF(Cronograma!$B$5:$B$27,A4,Cronograma!$U$5:$U$27) -> 2 | E4: =IF(C4=0,"-",D4/C4) -> 0.086956522
A5: Treinamentos | B5: =COUNTIF(Cronograma!$B$5:$B$27,A5) -> 3 | C5: =SUMIF(Cronograma!$B$5:$B$27,A5,Cronograma!$T$5:$T$27) -> 12 | D5: =SUMIF(Cronograma!$B$5:$B$27,A5,Cronograma!$U$5:$U$27) -> 1 | E5: =IF(C5=0,"-",D5/C5) -> 0.083333333
A6: Simulados | B6: =COUNTIF(Cronograma!$B$5:$B$27,A6) -> 2 | C6: =SUMIF(Cronograma!$B$5:$B$27,A6,Cronograma!$T$5:$T$27) -> 3 | D6: =SUMIF(Cronograma!$B$5:$B$27,A6,Cronograma!$U$5:$U$27) -> 0 | E6: =IF(C6=0,"-",D6/C6) -> 0
A7: Inspeções | B7: =COUNTIF(Cronograma!$B$5:$B$27,A7) -> 9 | C7: =SUMIF(Cronograma!$B$5:$B$27,A7,Cronograma!$T$5:$T$27) -> 66 | D7: =SUMIF(Cronograma!$B$5:$B$27,A7,Cronograma!$U$5:$U$27) -> 0 | E7: =IF(C7=0,"-",D7/C7) -> 0
A8: Pessoas e documentos | B8: =COUNTIF(Cronograma!$B$5:$B$27,A8) -> 3 | C8: =SUMIF(Cronograma!$B$5:$B$27,A8,Cronograma!$T$5:$T$27) -> 15 | D8: =SUMIF(Cronograma!$B$5:$B$27,A8,Cronograma!$U$5:$U$27) -> 0 | E8: =IF(C8=0,"-",D8/C8) -> 0
A9: Campanhas | B9: =COUNTIF(Cronograma!$B$5:$B$27,A9) -> 2 | C9: =SUMIF(Cronograma!$B$5:$B$27,A9,Cronograma!$T$5:$T$27) -> 5 | D9: =SUMIF(Cronograma!$B$5:$B$27,A9,Cronograma!$U$5:$U$27) -> 0 | E9: =IF(C9=0,"-",D9/C9) -> 0
A10: Gestão | B10: =COUNTIF(Cronograma!$B$5:$B$27,A10) -> 2 | C10: =SUMIF(Cronograma!$B$5:$B$27,A10,Cronograma!$T$5:$T$27) -> 2 | D10: =SUMIF(Cronograma!$B$5:$B$27,A10,Cronograma!$U$5:$U$27) -> 0 | E10: =IF(C10=0,"-",D10/C10) -> 0
A11: Total | B11: =SUM(B4:B10) -> 23 | C11: =SUM(C4:C10) -> 126 | D11: =SUM(D4:D10) -> 3 | E11: =IF(C11=0,"-",D11/C11) -> 0.023809524
